USE diabetes_assistant;

SET NAMES utf8mb4;
SET FOREIGN_KEY_CHECKS = 0;

TRUNCATE TABLE api_call_logs;
TRUNCATE TABLE intervention_reviews;
TRUNCATE TABLE health_reports;
TRUNCATE TABLE checkin_analysis;
TRUNCATE TABLE checkin_records;
TRUNCATE TABLE ai_chat_messages;
TRUNCATE TABLE ai_chat_sessions;
TRUNCATE TABLE ai_experts;
TRUNCATE TABLE home_contents;
TRUNCATE TABLE article_read_events;
TRUNCATE TABLE article_recommendation_logs;
TRUNCATE TABLE article_tags;
TRUNCATE TABLE articles;
TRUNCATE TABLE life_plans;
TRUNCATE TABLE risk_assessments;
TRUNCATE TABLE health_metrics;
TRUNCATE TABLE patient_profiles;
TRUNCATE TABLE email_verification_codes;
TRUNCATE TABLE users;

SET FOREIGN_KEY_CHECKS = 1;

INSERT INTO users (user_id, username, password_hash, phone, email, avatar, role, status, last_login_time, create_time, update_time) VALUES
(1, 'system_admin', '$2a$10$whvXFJSxOHUnMXmLJJkpbOpR/5iHtg3k0F8PxqJANPPLbt9wkX5pm', '13800000001', 'admin@diabetes.local', '', 'admin', 'active', '2026-06-27 09:10:00', '2026-06-01 08:00:00', '2026-06-27 09:10:00'),
(2, 'li_ming', '$2a$10$23BgUYGYSY2BRfzlLPgHHuq34GaFVsl3lRb9.cpw.quqf5PDMFsau', '13900000002', 'liming@diabetes.local', '', 'patient', 'active', '2026-06-27 08:20:00', '2026-06-01 08:05:00', '2026-06-27 08:20:00'),
(3, 'zhao_qing', '$2a$10$23BgUYGYSY2BRfzlLPgHHuq34GaFVsl3lRb9.cpw.quqf5PDMFsau', '13900000003', 'zhaoqing@diabetes.local', '', 'patient', 'active', '2026-06-26 21:15:00', '2026-06-03 09:00:00', '2026-06-26 21:15:00'),
(4, 'he_yan', '$2a$10$23BgUYGYSY2BRfzlLPgHHuq34GaFVsl3lRb9.cpw.quqf5PDMFsau', '13900000004', 'heyan@diabetes.local', '', 'patient', 'active', '2026-06-27 07:45:00', '2026-06-05 10:20:00', '2026-06-27 07:45:00'),
(5, 'zhou_bo', '$2a$10$23BgUYGYSY2BRfzlLPgHHuq34GaFVsl3lRb9.cpw.quqf5PDMFsau', '13900000005', 'zhoubo@diabetes.local', '', 'patient', 'disabled', '2026-06-18 19:30:00', '2026-06-08 11:10:00', '2026-06-22 15:00:00');

INSERT INTO patient_profiles (profile_id, user_id, age, gender, height_cm, base_weight_kg, base_waist_cm, family_history, chronic_history, allergy_history, create_time, update_time) VALUES
(1, 2, 46, 'male', 172.0, 82.5, 96.0, '父亲有2型糖尿病史，母亲有高血压史。', '近两年体重上升，血压偶有偏高，暂无明确糖尿病诊断。', '无明确药物或食物过敏史。', '2026-06-01 08:15:00', '2026-06-26 20:10:00'),
(2, 3, 38, 'female', 164.0, 66.0, 82.0, '外婆曾患2型糖尿病。', '妊娠期曾出现血糖偏高，产后复查基本正常。', '青霉素过敏。', '2026-06-03 09:20:00', '2026-06-26 18:40:00'),
(3, 4, 59, 'female', 158.0, 70.5, 91.0, '哥哥有糖尿病史。', '高血压病史6年，规律服药，近期关注体重和餐后血糖。', '无。', '2026-06-05 10:30:00', '2026-06-27 07:50:00'),
(4, 5, 52, 'male', 176.0, 88.0, 101.0, '父母均有代谢类慢病史。', '血脂偏高，工作应酬较多，近期打卡中断。', '海鲜轻度过敏。', '2026-06-08 11:20:00', '2026-06-18 19:30:00');

INSERT INTO health_metrics (metric_id, user_id, weight_kg, waist_cm, systolic_bp, diastolic_bp, fasting_glucose, postprandial_glucose, hba1c, diet_status, exercise_status, recorded_at, create_time) VALUES
(1, 2, 82.5, 96.0, 136, 86, 6.8, 9.9, 6.2, '早餐白粥和包子较多，午餐外卖偏油，晚餐有时较晚。', '每周散步2次，每次约20分钟。', '2026-06-12 07:30:00', '2026-06-12 07:35:00'),
(2, 2, 82.1, 95.5, 132, 84, 6.5, 9.2, 6.1, '开始减少含糖饮料，晚餐主食减半。', '饭后散步增加到每周4次。', '2026-06-18 07:40:00', '2026-06-18 07:45:00'),
(3, 2, 81.6, 95.0, 130, 82, 6.2, 8.6, 6.0, '早餐加入鸡蛋和蔬菜，午餐注意少油。', '近7天完成5次饭后步行。', '2026-06-26 07:25:00', '2026-06-26 07:30:00'),
(4, 3, 66.0, 82.0, 118, 76, 5.7, 7.6, 5.8, '三餐较规律，水果集中在两餐之间。', '瑜伽2次，通勤步行较多。', '2026-06-11 08:10:00', '2026-06-11 08:15:00'),
(5, 3, 65.6, 81.5, 116, 74, 5.5, 7.2, 5.7, '主食粗细搭配，晚间零食减少。', '每周3次轻中强度运动。', '2026-06-19 08:00:00', '2026-06-19 08:04:00'),
(6, 3, 65.2, 81.0, 115, 73, 5.4, 6.9, 5.6, '饮食稳定，偶尔外食也能控制饮料和主食量。', '运动规律，睡眠改善。', '2026-06-26 08:05:00', '2026-06-26 08:08:00'),
(7, 4, 70.5, 91.0, 146, 90, 7.1, 10.4, 6.6, '午餐主食偏多，晚餐偏咸，蔬菜不足。', '运动较少，主要是家务活动。', '2026-06-10 07:20:00', '2026-06-10 07:25:00'),
(8, 4, 70.0, 90.5, 142, 88, 6.8, 9.8, 6.4, '减少腌制食物，尝试餐盘法。', '饭后慢走3次，每次15分钟。', '2026-06-18 07:10:00', '2026-06-18 07:15:00'),
(9, 4, 69.6, 89.8, 138, 84, 6.5, 9.0, 6.2, '晚餐提前，蔬菜量增加。', '近一周慢走5次，强度温和。', '2026-06-27 07:05:00', '2026-06-27 07:10:00'),
(10, 5, 88.0, 101.0, 150, 94, 7.4, 11.2, 6.9, '应酬较多，饮酒和夜宵频率偏高。', '近两周运动明显减少。', '2026-06-16 08:30:00', '2026-06-16 08:35:00'),
(11, 5, 88.6, 102.0, 152, 96, 7.6, 11.8, 7.0, '连续外食，主食和油盐控制不足。', '打卡中断，暂无固定运动。', '2026-06-18 08:20:00', '2026-06-18 08:25:00');

INSERT INTO risk_assessments (assessment_id, user_id, metric_id, request_summary, response_result, risk_level, risk_score, diabetes_type_tendency, main_risk_factors, indicator_analysis, health_advice, medical_warning, summary, call_status, error_message, create_time) VALUES
(1, 2, 3, '46岁男性，有家族史，BMI偏高，近期空腹血糖6.2mmol/L，餐后血糖8.6mmol/L。', '{"risk_level":"medium","risk_score":64}', 'medium', 64, '2型糖尿病风险倾向', '["家族史", "腰围偏高", "餐后血糖偏高"]', '空腹和餐后血糖均较前期下降，但仍需持续观察；血压处于临界偏高区间。', '继续保持餐盘法和饭后步行，建议每周至少150分钟中等强度活动，并记录餐后血糖趋势。', '若空腹血糖连续升高或出现多饮、多尿、明显乏力，应及时线下复查。', '整体风险中等，近期改善明显，重点是保持体重和餐后血糖下降趋势。', 'success', NULL, '2026-06-26 09:00:00'),
(2, 3, 6, '38岁女性，有妊娠期血糖偏高史，当前体重和血糖趋势稳定。', '{"risk_level":"low","risk_score":34}', 'low', 34, '糖尿病前期需随访', '["妊娠期血糖异常史", "家族史"]', '当前空腹和餐后血糖处于较稳定状态，血压正常，体重轻度下降。', '维持规律运动和粗细搭配饮食，继续关注睡眠和压力。', '年度体检中保留糖化血红蛋白复查，妊娠或体重变化时需更密切随访。', '当前风险较低，但因既往史仍需保持长期随访。', 'success', NULL, '2026-06-26 09:20:00'),
(3, 4, 9, '59岁女性，高血压病史，空腹血糖6.5mmol/L，餐后9.0mmol/L，近期体重略降。', '{"risk_level":"high","risk_score":78}', 'high', 78, '2型糖尿病高风险', '["年龄", "高血压", "腰围偏高", "血糖偏高", "家族史"]', '血糖较前下降但仍偏高，血压控制较前改善，腰围仍需重点管理。', '在医生建议下复查空腹血糖、餐后血糖和糖化血红蛋白；饮食上减少精白主食和高盐食物，运动以温和步行为主。', '如血糖继续偏高或血压波动，应尽快线下就诊评估，不建议自行调整降压药。', '风险偏高但已有改善迹象，应把复查和持续生活方式干预作为下一阶段重点。', 'success', NULL, '2026-06-27 09:00:00'),
(4, 5, 11, '52岁男性，腰围和血压偏高，近期外食饮酒较多，打卡中断。', '{"risk_level":"high","risk_score":86}', 'high', 86, '2型糖尿病高风险', '["血糖偏高", "血压偏高", "腰围偏高", "运动不足", "饮酒和夜宵"]', '空腹和餐后血糖均处于明显偏高状态，糖化血红蛋白提示近阶段整体控制不理想。', '先恢复每日记录，减少酒精和夜宵，优先安排线下复查并获得医生评估。', '该用户已停用账号用于管理端异常/停用展示；如恢复使用，应先完成线下复查。', '高风险且依从性下降，需要管理端重点随访。', 'success', NULL, '2026-06-18 09:00:00');

INSERT INTO life_plans (plan_id, user_id, profile_id, metric_id, assessment_id, plan_title, plan_goal, input_summary, plan_json, checkin_tasks_json, summary, status, call_status, error_message, create_time, update_time) VALUES
(1, 2, 1, 3, 1, '李明的餐后血糖平稳计划', '四周内把餐后血糖稳定在8.0mmol/L附近，体重下降1公斤。', '中等风险，家族史和腰围偏高，已有运动改善基础。', '{"diet":"早餐加入蛋白质和蔬菜，午餐外卖优先少油少盐，晚餐主食控制在半碗到一碗。","exercise":"每周5天饭后步行20-30分钟，周末加入一次轻抗阻。","sleep":"保持23点前入睡，减少夜间加餐。"}', '[{"type":"diet","name":"三餐记录并控制含糖饮料"},{"type":"exercise","name":"饭后步行20分钟"}]', '先巩固已经形成的饭后步行习惯，再逐步优化早餐和外卖选择。', 'history', 'success', NULL, '2026-06-26 10:00:00', '2026-06-27 09:30:00'),
(2, 3, 2, 6, 2, '赵晴的稳定随访计划', '保持血糖稳定，减少压力和晚间零食带来的波动。', '低风险但有妊娠期血糖异常史，当前饮食运动规律。', '{"diet":"继续粗细搭配，水果放在两餐之间。","exercise":"保持瑜伽和通勤步行，每周补充2次力量练习。","sleep":"固定睡眠时间，压力大时做5分钟呼吸放松。"}', '[{"type":"diet","name":"记录晚间零食和水果时间"},{"type":"exercise","name":"完成20分钟拉伸或步行"}]', '当前状态较好，重点是避免因为工作压力打乱节奏。', 'active', 'success', NULL, '2026-06-26 10:20:00', '2026-06-26 10:20:00'),
(3, 4, 3, 9, 3, '何燕的血压血糖综合管理计划', '两周内维持每日慢走，减少高盐晚餐，准备线下复查。', '高风险，高血压病史，血糖和腰围均需继续管理。', '{"diet":"晚餐少盐少油，主食以半碗杂粮饭为主，保证蔬菜。","exercise":"饭后慢走15-20分钟，避免突然高强度运动。","monitor":"每周记录3次血压和血糖，复查时给医生查看。"}', '[{"type":"diet","name":"晚餐少盐餐盘记录"},{"type":"exercise","name":"饭后慢走15分钟"}]', '以安全和可持续为先，把慢走、少盐和复查准备做好。', 'active', 'success', NULL, '2026-06-27 10:00:00', '2026-06-27 10:00:00'),
(4, 5, 4, 11, 4, '周博的恢复记录计划', '恢复连续打卡，减少酒精夜宵，完成线下复查。', '高风险且依从性下降，适合管理端随访展示。', '{"diet":"暂停夜宵和含糖饮料，外食优先清淡。","exercise":"从每天10分钟步行恢复，不追求强度。","monitor":"尽快复查血糖、血压和血脂。"}', '[{"type":"diet","name":"避免夜宵和酒精"},{"type":"exercise","name":"恢复10分钟步行"}]', '该计划用于展示停用/随访用户的历史状态。', 'paused', 'success', NULL, '2026-06-18 10:00:00', '2026-06-22 15:00:00');

INSERT INTO life_plans (plan_id, user_id, profile_id, metric_id, assessment_id, plan_title, plan_goal, input_summary, plan_json, checkin_tasks_json, summary, status, call_status, error_message, source_type, source_review_id, create_time, update_time) VALUES
(5, 2, 1, 3, 1, '李明的第2周期自动优化计划', '在保留饭后步行习惯的基础上，把晚餐主食和外卖场景控制得更稳定。', '系统结合李明近6天打卡、餐后血糖趋势和生活方案执行情况自动复盘，判断不需要推翻原方案，只做局部优化。', '{"days":[{"day":1,"diet":"早餐保留鸡蛋和蔬菜，午餐外卖选择少油套餐，晚餐主食半碗。","exercise":"晚餐后步行20分钟，雨天改为室内踏步。"},{"day":2,"diet":"午餐先吃蔬菜和蛋白质，再吃主食，避免含糖饮料。","exercise":"饭后步行25分钟，睡前做5分钟拉伸。"},{"day":3,"diet":"晚餐提前到19点前，主食不超过半碗，增加绿叶菜。","exercise":"饭后轻快步行20分钟，若疲劳则分两段完成。"},{"day":4,"diet":"准备一套固定外卖清单，优先蒸煮炖菜。","exercise":"晚饭后室外步行20-30分钟。"},{"day":5,"diet":"控制零食，把水果放在下午加餐。","exercise":"饭后步行20分钟并记录感受。"},{"day":6,"diet":"复盘本周外卖次数，减少高油高盐菜。","exercise":"加入一次轻抗阻或爬楼替代。"},{"day":7,"diet":"总结一周最容易坚持的三餐搭配。","exercise":"完成一次轻松长步行并准备下周期目标。"}],"diet":"晚餐主食更明确，外卖场景给出可执行替代。","exercise":"保留饭后步行，增加雨天室内替代，避免因天气中断。","monitor":"继续记录空腹和餐后血糖，关注晚餐后波动。"}', '[{"type":"diet","name":"按当日方案记录晚餐主食和外卖选择"},{"type":"exercise","name":"完成当日饭后步行或室内替代"}]', '自动复盘后生成的局部优化方案：保留有效习惯，重点修正雨天运动中断和外卖选择不稳定。', 'active', 'success', NULL, 'auto_intervention', 1, '2026-06-27 09:30:00', '2026-06-27 09:30:00');

INSERT INTO checkin_records (checkin_id, user_id, plan_id, task_type, task_name, status, note, checkin_date, completed_time, create_time, update_time) VALUES
(1, 2, 1, 'diet', '三餐记录并控制含糖饮料', 'completed', '早餐加了鸡蛋，午餐未喝奶茶。', '2026-06-21', '2026-06-21 20:10:00', '2026-06-21 08:00:00', '2026-06-21 20:10:00'),
(2, 2, 1, 'exercise', '饭后步行20分钟', 'completed', '晚饭后步行25分钟。', '2026-06-21', '2026-06-21 20:40:00', '2026-06-21 08:00:00', '2026-06-21 20:40:00'),
(3, 2, 1, 'diet', '三餐记录并控制含糖饮料', 'completed', '外卖选择少油套餐。', '2026-06-22', '2026-06-22 20:05:00', '2026-06-22 08:00:00', '2026-06-22 20:05:00'),
(4, 2, 1, 'exercise', '饭后步行20分钟', 'pending', '下雨未完成，改为室内拉伸10分钟。', '2026-06-22', NULL, '2026-06-22 08:00:00', '2026-06-22 21:00:00'),
(5, 2, 1, 'diet', '三餐记录并控制含糖饮料', 'completed', '晚餐主食半碗。', '2026-06-23', '2026-06-23 19:50:00', '2026-06-23 08:00:00', '2026-06-23 19:50:00'),
(6, 2, 1, 'exercise', '饭后步行20分钟', 'completed', '小区步行两圈。', '2026-06-23', '2026-06-23 20:30:00', '2026-06-23 08:00:00', '2026-06-23 20:30:00'),
(7, 2, 1, 'diet', '三餐记录并控制含糖饮料', 'completed', '全天无含糖饮料。', '2026-06-24', '2026-06-24 20:00:00', '2026-06-24 08:00:00', '2026-06-24 20:00:00'),
(8, 2, 1, 'exercise', '饭后步行20分钟', 'completed', '步行30分钟。', '2026-06-24', '2026-06-24 20:35:00', '2026-06-24 08:00:00', '2026-06-24 20:35:00'),
(9, 2, 1, 'diet', '三餐记录并控制含糖饮料', 'completed', '早餐搭配蔬菜。', '2026-06-25', '2026-06-25 19:40:00', '2026-06-25 08:00:00', '2026-06-25 19:40:00'),
(10, 2, 1, 'exercise', '饭后步行20分钟', 'completed', '步行20分钟。', '2026-06-25', '2026-06-25 20:20:00', '2026-06-25 08:00:00', '2026-06-25 20:20:00'),
(11, 2, 1, 'diet', '三餐记录并控制含糖饮料', 'completed', '午餐主食控制较好。', '2026-06-26', '2026-06-26 19:55:00', '2026-06-26 08:00:00', '2026-06-26 19:55:00'),
(12, 2, 1, 'exercise', '饭后步行20分钟', 'completed', '步行25分钟。', '2026-06-26', '2026-06-26 20:25:00', '2026-06-26 08:00:00', '2026-06-26 20:25:00'),
(13, 3, 2, 'diet', '记录晚间零食和水果时间', 'completed', '水果放在下午加餐。', '2026-06-23', '2026-06-23 21:00:00', '2026-06-23 08:00:00', '2026-06-23 21:00:00'),
(14, 3, 2, 'exercise', '完成20分钟拉伸或步行', 'completed', '瑜伽30分钟。', '2026-06-23', '2026-06-23 21:15:00', '2026-06-23 08:00:00', '2026-06-23 21:15:00'),
(15, 3, 2, 'diet', '记录晚间零食和水果时间', 'completed', '未吃夜宵。', '2026-06-24', '2026-06-24 21:05:00', '2026-06-24 08:00:00', '2026-06-24 21:05:00'),
(16, 3, 2, 'exercise', '完成20分钟拉伸或步行', 'completed', '通勤步行约35分钟。', '2026-06-24', '2026-06-24 21:20:00', '2026-06-24 08:00:00', '2026-06-24 21:20:00'),
(17, 3, 2, 'diet', '记录晚间零食和水果时间', 'completed', '晚间只喝无糖酸奶。', '2026-06-25', '2026-06-25 21:00:00', '2026-06-25 08:00:00', '2026-06-25 21:00:00'),
(18, 3, 2, 'exercise', '完成20分钟拉伸或步行', 'pending', '加班较晚，未完成。', '2026-06-25', NULL, '2026-06-25 08:00:00', '2026-06-25 23:00:00'),
(19, 3, 2, 'diet', '记录晚间零食和水果时间', 'completed', '饮食规律。', '2026-06-26', '2026-06-26 20:50:00', '2026-06-26 08:00:00', '2026-06-26 20:50:00'),
(20, 3, 2, 'exercise', '完成20分钟拉伸或步行', 'completed', '拉伸20分钟。', '2026-06-26', '2026-06-26 21:05:00', '2026-06-26 08:00:00', '2026-06-26 21:05:00'),
(21, 4, 3, 'diet', '晚餐少盐餐盘记录', 'completed', '晚餐蔬菜较多，少盐。', '2026-06-24', '2026-06-24 20:00:00', '2026-06-24 08:00:00', '2026-06-24 20:00:00'),
(22, 4, 3, 'exercise', '饭后慢走15分钟', 'completed', '慢走18分钟。', '2026-06-24', '2026-06-24 20:25:00', '2026-06-24 08:00:00', '2026-06-24 20:25:00'),
(23, 4, 3, 'diet', '晚餐少盐餐盘记录', 'completed', '没有吃腌菜。', '2026-06-25', '2026-06-25 20:10:00', '2026-06-25 08:00:00', '2026-06-25 20:10:00'),
(24, 4, 3, 'exercise', '饭后慢走15分钟', 'pending', '膝盖不适，休息。', '2026-06-25', NULL, '2026-06-25 08:00:00', '2026-06-25 20:40:00'),
(25, 4, 3, 'diet', '晚餐少盐餐盘记录', 'completed', '主食半碗，蔬菜充足。', '2026-06-26', '2026-06-26 19:45:00', '2026-06-26 08:00:00', '2026-06-26 19:45:00'),
(26, 4, 3, 'exercise', '饭后慢走15分钟', 'completed', '慢走20分钟。', '2026-06-26', '2026-06-26 20:30:00', '2026-06-26 08:00:00', '2026-06-26 20:30:00'),
(27, 5, 4, 'diet', '避免夜宵和酒精', 'pending', '应酬饮酒，未完成。', '2026-06-17', NULL, '2026-06-17 08:00:00', '2026-06-17 23:20:00'),
(28, 5, 4, 'exercise', '恢复10分钟步行', 'pending', '未记录。', '2026-06-17', NULL, '2026-06-17 08:00:00', '2026-06-17 23:20:00'),
(29, 5, 4, 'diet', '避免夜宵和酒精', 'pending', '夜宵较晚。', '2026-06-18', NULL, '2026-06-18 08:00:00', '2026-06-18 23:00:00'),
(30, 5, 4, 'exercise', '恢复10分钟步行', 'pending', '未完成。', '2026-06-18', NULL, '2026-06-18 08:00:00', '2026-06-18 23:00:00');

INSERT INTO checkin_records (checkin_id, user_id, plan_id, task_type, task_name, status, note, checkin_date, completed_time, create_time, update_time) VALUES
(31, 2, 5, 'diet', '按当日方案记录晚餐主食和外卖选择', 'completed', '晚餐主食半碗，外卖选择清蒸鱼和青菜。', '2026-06-27', '2026-06-27 20:05:00', '2026-06-27 08:00:00', '2026-06-27 20:05:00'),
(32, 2, 5, 'exercise', '完成当日饭后步行或室内替代', 'completed', '晚饭后步行22分钟。', '2026-06-27', '2026-06-27 20:35:00', '2026-06-27 08:00:00', '2026-06-27 20:35:00'),
(33, 2, 5, 'diet', '按当日方案记录晚餐主食和外卖选择', 'completed', '午餐先吃蔬菜和鸡胸肉，未喝含糖饮料。', '2026-06-28', '2026-06-28 20:00:00', '2026-06-28 08:00:00', '2026-06-28 20:00:00'),
(34, 2, 5, 'exercise', '完成当日饭后步行或室内替代', 'pending', '下雨后只拉伸了8分钟，未达到计划。', '2026-06-28', NULL, '2026-06-28 08:00:00', '2026-06-28 21:10:00'),
(35, 2, 5, 'diet', '按当日方案记录晚餐主食和外卖选择', 'pending', NULL, '2026-06-29', NULL, '2026-06-29 08:00:00', '2026-06-29 08:00:00'),
(36, 2, 5, 'exercise', '完成当日饭后步行或室内替代', 'pending', NULL, '2026-06-29', NULL, '2026-06-29 08:00:00', '2026-06-29 08:00:00');

INSERT INTO checkin_analysis (analysis_id, user_id, plan_id, start_date, end_date, total_days, diet_completion_count, exercise_completion_count, completion_rate, habit_score, diet_summary, exercise_summary, life_evaluation, main_problems, improvement_suggestions, next_focus, summary, input_summary, call_status, error_message, create_time) VALUES
(1, 2, 1, '2026-06-21', '2026-06-26', 6, 6, 5, 91.67, 88, '饮食记录完整，含糖饮料控制好，外卖选择开始更清淡。', '饭后步行完成率高，雨天可准备室内替代方案。', '整体执行稳定，血糖趋势已有改善。', '["雨天运动替代不足", "外卖场景仍需继续优化"]', '["准备室内拉伸或踏步方案", "固定两套少油外卖选择"]', '继续关注餐后血糖和晚餐主食量。', '李明近6天执行情况较好，适合进入巩固阶段。', '6天共12项任务，完成11项。', 'success', NULL, '2026-06-26 21:00:00'),
(2, 3, 2, '2026-06-23', '2026-06-26', 4, 4, 3, 87.50, 84, '晚间零食控制较好，水果时间安排合理。', '运动基本规律，加班日出现一次缺口。', '状态稳定，压力管理是关键。', '["加班影响运动", "睡眠时间偶有后移"]', '["加班日改用10分钟拉伸", "睡前减少屏幕时间"]', '保持规律节奏，不必过度加码。', '赵晴整体表现稳定，适合继续维持。', '4天共8项任务，完成7项。', 'success', NULL, '2026-06-26 21:10:00'),
(3, 4, 3, '2026-06-24', '2026-06-26', 3, 3, 2, 83.33, 80, '少盐和蔬菜摄入改善明显。', '慢走能完成，但需注意膝盖反应。', '高风险用户已有积极变化，仍需线下复查配合。', '["膝盖不适影响运动", "血压血糖仍需复查"]', '["运动强度保持温和", "每周固定记录血压和血糖"]', '准备线下复查资料。', '何燕近期执行度较好，下一步关注安全运动和复查。', '3天共6项任务，完成5项。', 'success', NULL, '2026-06-27 08:30:00'),
(4, 5, 4, '2026-06-17', '2026-06-18', 2, 0, 0, 0.00, 20, '夜宵和饮酒仍未改善。', '运动完全中断。', '依从性下降，需要管理端重点提醒。', '["打卡中断", "应酬饮酒", "缺少复查"]', '["先恢复每日一次记录", "减少夜宵和酒精", "尽快线下复查"]', '恢复登录和基础记录。', '周博处于随访风险较高状态，适合管理端展示异常用户。', '2天共4项任务，完成0项。', 'success', NULL, '2026-06-18 23:30:00');

INSERT INTO `articles` (`article_id`, `title`, `category`, `cover_image`, `summary`, `content`, `status`, `view_count`, `is_recommended`, `sort_order`, `create_time`, `update_time`) VALUES (1,'控糖餐盘怎么搭配：一半蔬菜、适量主食和优质蛋白','diet','/uploads/seed/content/diet-plate.svg','用餐盘法安排蔬菜、主食和蛋白质，帮助日常饮食更清晰。','控糖饮食不等于把餐桌变得很单调。可以先用餐盘法做参照：半盘放非淀粉类蔬菜，如绿叶菜、番茄、黄瓜、菌菇；四分之一放主食，优先选择糙米、燕麦、玉米、全麦面等；另四分之一放鱼、禽、蛋、奶、豆制品或瘦肉。\n\n烹调方式尽量清淡，少用糖醋、红烧浓汁和油炸。先吃蔬菜和蛋白质，再吃主食，部分人会感觉餐后波动更平稳。每个人血糖反应不同，建议结合餐后记录调整份量。如血糖明显异常或需要调整用药，应及时咨询线下医生。\n\n建议先选择一两项最容易执行的做法，坚持记录饮食、活动和血糖变化，再根据反馈逐步调整。若血糖明显异常、身体不适或需要调整用药，应及时咨询线下医生。','published',168,1,101,'2026-06-25 22:20:59','2026-06-26 16:26:47'),(2,'主食不是不能吃：糖友如何选择全谷物和杂豆','diet','/uploads/seed/content/diet-grains.svg','主食要定量也要会选，粗细搭配比完全不吃更可持续。','很多人担心主食升糖，就想完全不吃米饭和面食。实际上，长期不吃主食容易饥饿、乏力，也可能造成下一餐补偿性多吃。更稳妥的做法是控制总量，并把一部分精白主食换成全谷物和杂豆。\n\n可以从三分之一替换开始，例如白米中加入糙米、燕麦米、红豆、鹰嘴豆，或把白面包换成全麦面包。杂粮也含碳水，不能无限量吃。搭配蔬菜和优质蛋白，比单独吃一大碗杂粮饭更合适。若肠胃或肾脏情况特殊，调整前应咨询医生。\n\n建议先选择一两项最容易执行的做法，坚持记录饮食、活动和血糖变化，再根据反馈逐步调整。若血糖明显异常、身体不适或需要调整用药，应及时咨询线下医生。','published',146,1,102,'2026-06-24 22:20:59','2026-06-25 16:26:47'),(3,'水果可以吃，但要会选时间和份量','diet','/uploads/seed/content/diet-fruit.svg','水果不是禁区，关键是种类、份量、时间和个人血糖反应。','糖尿病或高风险人群并不是完全不能吃水果。更推荐选择苹果、梨、柚子、莓果、猕猴桃等相对清爽的水果，控制在小份量，并观察餐后或加餐后的血糖反应。\n\n水果最好放在两餐之间，而不是饭后马上大量吃。果汁、果干、蜜饯虽然看起来和水果有关，但糖分更集中，也更容易吃过量，不建议作为日常替代。吃水果当天，主食和点心也要统筹考虑。如果吃某种水果后血糖反复升高，可以减少份量或换种类，并向医生或营养师咨询。\n\n建议先选择一两项最容易执行的做法，坚持记录饮食、活动和血糖变化，再根据反馈逐步调整。若血糖明显异常、身体不适或需要调整用药，应及时咨询线下医生。','published',139,0,103,'2026-06-23 22:20:59','2026-06-24 16:26:47'),(4,'外出吃饭也能控糖：点餐时注意这几点','diet','/uploads/seed/content/diet-dining.svg','外食时从烹调方式、饮料和主食份量入手，降低餐后波动。','外出吃饭常见问题是油盐多、份量大、饮料甜。点餐时可以优先选择清蒸、炖煮、白灼、少油快炒，少选油炸、糖醋、干锅和浓酱菜。汤汁和蘸料不必全部拌进饭里。\n\n饮料尽量选白水或无糖茶。主食可以先盛半份，搭配蔬菜和蛋白质后再看饱腹感。多人聚餐时，不必每道菜都尝很多，先保证自己能执行的部分。若当天饮食明显超出平时，建议按医嘱监测血糖，身体不适时及时线下就医。\n\n建议先选择一两项最容易执行的做法，坚持记录饮食、活动和血糖变化，再根据反馈逐步调整。若血糖明显异常、身体不适或需要调整用药，应及时咨询线下医生。','published',132,0,104,'2026-06-22 22:20:59','2026-06-23 16:26:47'),(5,'加餐不是零食自由：低糖加餐怎么选','diet','/uploads/seed/content/diet-snack.svg','加餐是为了稳定节奏，不是给甜点、奶茶和饼干开绿灯。','加餐的目的通常是避免两餐间过度饥饿，或配合运动、用药安排，并不代表零食可以随便吃。更适合的选择包括无糖酸奶、少量原味坚果、一个小水果、鸡蛋或少量全麦食品。\n\n奶茶、甜点、夹心饼干、膨化食品容易带来糖和热量超标，即使标注“低糖”也要看配料表。加餐应算进全天总量，份量越简单越容易坚持。若经常需要加餐才能避免低血糖，应记录发生时间和症状，并咨询医生评估用药或进餐安排。\n\n建议先选择一两项最容易执行的做法，坚持记录饮食、活动和血糖变化，再根据反馈逐步调整。若血糖明显异常、身体不适或需要调整用药，应及时咨询线下医生。','published',121,0,105,'2026-06-21 22:20:59','2026-06-22 16:26:47'),(6,'餐后散步为什么适合多数控糖人群','exercise','/uploads/seed/content/exercise-walk.svg','餐后轻中等强度活动有助于改善餐后血糖波动，但要循序渐进。','餐后散步简单、安全门槛低，适合多数需要控糖的人作为日常活动。进餐后不要马上剧烈运动，可以休息片刻，再进行10到20分钟轻中等强度步行，以微微出汗、能说话为宜。\n\n散步的重点是规律，而不是速度越快越好。路线尽量平坦，穿舒适鞋袜，天气太热或太冷时可选择室内走动。若正在使用可能导致低血糖的药物，运动前后更要关注身体反应。出现心慌、头晕、胸闷或明显不适，应停止活动并及时咨询医生。\n\n建议先选择一两项最容易执行的做法，坚持记录饮食、活动和血糖变化，再根据反馈逐步调整。若血糖明显异常、身体不适或需要调整用药，应及时咨询线下医生。','published',174,1,201,'2026-06-25 22:20:59','2026-06-26 16:26:47'),(7,'每周运动怎么安排：有氧、抗阻和拉伸都要有','exercise','/uploads/seed/content/exercise-week.svg','把快走、骑车、弹力带和拉伸组合起来，比单一运动更全面。','控糖运动不只是一味快走。有氧运动能帮助提高能量消耗，抗阻训练有助于保持肌肉量，拉伸则能改善柔韧性和放松状态。三类活动搭配，往往更适合长期坚持。\n\n可以每周安排多次快走、骑车或游泳，再加入2到3次弹力带、靠墙俯卧撑、坐姿抬腿等轻抗阻训练。运动前后做简单拉伸，避免突然开始和突然停止。强度从低到中等逐步增加。若有关节、心血管或其他慢病问题，应先听取医生建议。\n\n建议先选择一两项最容易执行的做法，坚持记录饮食、活动和血糖变化，再根据反馈逐步调整。若血糖明显异常、身体不适或需要调整用药，应及时咨询线下医生。','published',158,1,202,'2026-06-24 22:20:59','2026-06-25 16:26:47'),(8,'久坐人群的控糖运动：从每天多走十分钟开始','exercise','/uploads/seed/content/exercise-office.svg','减少久坐比一次性高强度训练更现实，先把活动嵌进日常。','长时间坐着会让身体代谢变慢，也容易增加体重管理压力。对久坐人群来说，不必一开始就制定很复杂的运动计划，先让每天多动十分钟，就是值得坚持的改变。\n\n可以每坐45到60分钟起身活动几分钟，倒水、走楼梯、原地踏步或做肩颈拉伸。上下班提前一站下车、饭后绕小区走一圈，也能累积活动量。目标是减少连续久坐，而不是周末一次运动补回来。若运动后血糖或身体反应异常，应记录并咨询医生。\n\n建议先选择一两项最容易执行的做法，坚持记录饮食、活动和血糖变化，再根据反馈逐步调整。若血糖明显异常、身体不适或需要调整用药，应及时咨询线下医生。','published',142,0,203,'2026-06-23 22:20:59','2026-06-24 16:26:47'),(9,'运动前后要注意什么：血糖、补水和鞋袜','exercise','/uploads/seed/content/exercise-shoes.svg','运动安全要关注低血糖风险、补水、舒适鞋袜和足部保护。','运动对控糖有帮助，但安全准备同样重要。运动前要了解自己的状态，若空腹、身体不适或血糖波动明显，不宜勉强运动。正在用降糖药或胰岛素的人，更要关注低血糖风险。\n\n运动时适量补水，不要等到明显口渴才喝。鞋袜要舒适透气，避免磨脚，运动后检查足部有没有红肿、水泡或破损。随身带一点应急食物，对容易低血糖的人更稳妥。出现胸闷、头晕、出冷汗等情况，应停止运动并及时处理。\n\n建议先选择一两项最容易执行的做法，坚持记录饮食、活动和血糖变化，再根据反馈逐步调整。若血糖明显异常、身体不适或需要调整用药，应及时咨询线下医生。','published',137,0,204,'2026-06-22 22:20:59','2026-06-23 16:26:47'),(10,'高龄或有慢病的人，运动强度要更保守','exercise','/uploads/seed/content/exercise-elder.svg','年龄较大或合并慢病时，低强度、可持续和安全评估更重要。','高龄人群或合并高血压、冠心病、关节疾病的人，运动目标应更重视安全。适合别人的跑步、爬山或高强度训练，不一定适合自己。先从慢走、太极、八段锦、坐姿训练等低强度活动开始更稳妥。\n\n运动时以呼吸平稳、能交流为宜，不追求大汗淋漓。场地要防滑，最好避开清晨过冷或饭后立刻运动。若近期出现胸痛、气短、头晕、下肢疼痛等情况，应先暂停并就医评估。任何运动计划都应根据个人病情调整。\n\n建议先选择一两项最容易执行的做法，坚持记录饮食、活动和血糖变化，再根据反馈逐步调整。若血糖明显异常、身体不适或需要调整用药，应及时咨询线下医生。','published',126,0,205,'2026-06-21 22:20:59','2026-06-22 16:26:47'),(11,'规律作息对血糖管理有什么帮助','habit','/uploads/seed/content/habit-sleep.svg','睡眠、夜宵和压力都会影响血糖，稳定作息是基础管理。','血糖不只受吃什么影响，睡眠和作息也很关键。熬夜、睡眠不足、夜宵频繁，可能让第二天精神状态和血糖波动都变差。规律作息能帮助身体形成更稳定的代谢节奏。\n\n建议尽量固定睡觉和起床时间，睡前减少浓茶、咖啡和长时间刷手机。晚餐不宜过晚，夜间饥饿时也不要随意吃高糖零食。若长期失眠、打鼾明显或晨起疲惫，应重视睡眠问题。血糖持续异常时，要结合医生建议进行评估。\n\n建议先选择一两项最容易执行的做法，坚持记录饮食、活动和血糖变化，再根据反馈逐步调整。若血糖明显异常、身体不适或需要调整用药，应及时咨询线下医生。','published',151,1,301,'2026-06-25 22:20:59','2026-06-26 16:26:47'),(12,'喝水、饮料和控糖：最推荐的其实是白水','habit','/uploads/seed/content/habit-water.svg','白水和无糖茶更适合日常，含糖饮料容易被忽视。','饮料是很多人控糖时容易忽略的来源。一瓶甜饮、果汁或奶茶，可能在不知不觉中带来较多糖分和能量。日常最推荐的仍然是白水，也可以选择不加糖的淡茶。\n\n运动、天气炎热或出汗较多时，要适量补水。所谓“鲜榨果汁”也不等于可以多喝，因为水果被榨汁后更容易摄入过量。无糖饮料偶尔选择可以，但不建议因此保留嗜甜习惯。若出现明显口渴、多尿或血糖升高，应及时监测并咨询医生。\n\n建议先选择一两项最容易执行的做法，坚持记录饮食、活动和血糖变化，再根据反馈逐步调整。若血糖明显异常、身体不适或需要调整用药，应及时咨询线下医生。','published',138,1,302,'2026-06-24 22:20:59','2026-06-25 16:26:47'),(13,'情绪压力也会影响控糖：给自己一点缓冲','habit','/uploads/seed/content/habit-emotion.svg','压力会影响饮食、睡眠和活动，学会缓冲比硬扛更重要。','情绪紧张时，很多人会睡不好、吃得乱、减少运动，血糖管理也更容易被打乱。压力本身也可能影响身体激素水平，使血糖波动更明显。因此，控糖也需要照顾情绪。\n\n可以从小方法开始：每天做几分钟深呼吸，饭后散步，和家人朋友说说压力，给自己留出固定放松时间。不要因为一次指标不好就过度自责，记录原因并调整下一步更有帮助。若长期焦虑、低落或影响生活，应及时寻求专业帮助。\n\n建议先选择一两项最容易执行的做法，坚持记录饮食、活动和血糖变化，再根据反馈逐步调整。若血糖明显异常、身体不适或需要调整用药，应及时咨询线下医生。','published',119,0,303,'2026-06-23 22:20:59','2026-06-24 16:26:47'),(14,'记录血糖和饮食，能帮你发现自己的规律','habit','/uploads/seed/content/habit-record.svg','把血糖、饮食、运动和睡眠放在一起看，才能找到个人反馈。','同样一餐饭，不同人的血糖反应可能不同。记录能帮助你发现自己的规律，而不是只凭感觉判断。可以记录空腹血糖、餐后血糖、当天主食量、运动、睡眠和特殊情况。\n\n记录不需要很复杂，手机备忘录、健康App或纸本都可以。重点是连续、真实，并在复诊时提供给医生参考。看到波动时先回顾原因，例如是否熬夜、外食、运动减少。不要因为某一次数值就自行调整药物，具体治疗变化应听医生建议。\n\n建议先选择一两项最容易执行的做法，坚持记录饮食、活动和血糖变化，再根据反馈逐步调整。若血糖明显异常、身体不适或需要调整用药，应及时咨询线下医生。','published',162,0,304,'2026-06-22 22:20:59','2026-06-23 16:26:47'),(15,'戒烟限酒和控糖：容易被忽视的生活细节','habit','/uploads/seed/content/habit-clean.svg','烟酒会增加心血管和并发症风险，减少暴露也是控糖管理的一部分。','戒烟限酒常被放在控糖建议的后面，却非常重要。吸烟会增加心血管风险，也可能影响血管和伤口恢复。饮酒则可能带来热量增加、饮食失控或低血糖风险，尤其在空腹饮酒时更需谨慎。\n\n如果一时无法完全戒烟，可以先设定减少目标，避开诱因，并寻求家人或专业门诊帮助。饮酒人群应主动和医生沟通是否适合饮酒及安全范围。把烟酒管理和饮食、运动一起做，长期收益更明显。出现身体不适应及时就医。\n\n建议先选择一两项最容易执行的做法，坚持记录饮食、活动和血糖变化，再根据反馈逐步调整。若血糖明显异常、身体不适或需要调整用药，应及时咨询线下医生。','published',117,0,305,'2026-06-21 22:20:59','2026-06-22 16:26:47'),(16,'什么是糖尿病：先理解血糖为什么会升高','science','/uploads/seed/content/science-meter.svg','用通俗方式理解血糖、胰岛素和长期高血糖风险。','血糖是血液中的葡萄糖，来自食物消化吸收，也来自身体自身调节。胰岛素像一把钥匙，帮助葡萄糖进入细胞被利用。当胰岛素不足，或身体对胰岛素反应变弱时，血糖就可能持续升高。\n\n糖尿病并不可怕到无法管理，但也不能忽视。长期高血糖可能影响眼、肾、神经、心血管等多个方面。早发现、早管理，能帮助降低风险。是否患病、属于哪种类型、是否需要用药，都需要结合检查结果和医生判断，不能只靠症状自行诊断。\n\n建议先选择一两项最容易执行的做法，坚持记录饮食、活动和血糖变化，再根据反馈逐步调整。若血糖明显异常、身体不适或需要调整用药，应及时咨询线下医生。','published',183,1,401,'2026-06-25 22:20:59','2026-06-26 16:26:47'),(17,'1型、2型和妊娠糖尿病有什么区别','science','/uploads/seed/content/science-types.svg','不同类型的原因和管理重点不同，不能靠感觉自行判断。','糖尿病并不是单一类型。1型糖尿病多与胰岛素分泌严重不足有关，通常需要胰岛素治疗。2型糖尿病更常见，常与胰岛素抵抗、体重、年龄、遗传和生活方式有关。妊娠糖尿病则发生在妊娠期间，需要同时关注母婴安全。\n\n不同类型的治疗和随访重点不同，不能只凭年龄、胖瘦或症状判断。即使血糖暂时不高，也要按医生建议复查。了解分类的意义，是帮助自己配合检查和管理，而不是自行给自己下结论或随意用药。\n\n建议先选择一两项最容易执行的做法，坚持记录饮食、活动和血糖变化，再根据反馈逐步调整。若血糖明显异常、身体不适或需要调整用药，应及时咨询线下医生。','published',141,1,402,'2026-06-24 22:20:59','2026-06-25 16:26:47'),(18,'糖尿病前期是什么意思：它不是小事，也不是绝望','science','/uploads/seed/content/science-prediabetes.svg','糖尿病前期提示风险升高，但生活方式干预仍有重要价值。','糖尿病前期是指血糖已经高于理想水平，但尚未达到糖尿病诊断标准的状态。它不是“小问题不用管”，也不是“已经没办法”。这个阶段及时行动，往往能帮助降低进一步发展的风险。\n\n管理重点包括体重控制、规律运动、减少含糖饮料、调整主食结构、改善睡眠和定期复查。不要因为没有明显症状就忽视，也不要自行购买药物或保健品。复查项目和频率应听医生建议。把它当成一次提醒，越早建立习惯越有主动权。\n\n建议先选择一两项最容易执行的做法，坚持记录饮食、活动和血糖变化，再根据反馈逐步调整。若血糖明显异常、身体不适或需要调整用药，应及时咨询线下医生。','published',136,0,403,'2026-06-23 22:21:00','2026-06-24 16:26:47'),(19,'空腹血糖和餐后血糖，分别看什么','science','/uploads/seed/content/science-glucose.svg','空腹和餐后指标反映不同侧面，结合趋势更有参考价值。','空腹血糖通常反映基础状态，容易受前一晚饮食、睡眠、肝糖输出等因素影响。餐后血糖则更能反映一餐饭后的身体反应，和主食种类、份量、进餐速度以及饭后活动有关。\n\n有些人空腹血糖不高，但餐后波动明显；也有人清晨数值偏高，需要进一步分析原因。单次测量不能代表全部，连续记录趋势更有意义。检测时间、仪器使用和手部清洁也会影响结果。具体目标范围和处理方式，应根据医生建议确定。\n\n建议先选择一两项最容易执行的做法，坚持记录饮食、活动和血糖变化，再根据反馈逐步调整。若血糖明显异常、身体不适或需要调整用药，应及时咨询线下医生。','published',129,0,404,'2026-06-22 22:21:00','2026-06-23 16:26:47'),(20,'BMI、腰围和糖尿病风险有什么关系','science','/uploads/seed/content/science-bmi.svg','体重和中心型肥胖会影响代谢风险，目标要合理可持续。','BMI和腰围是评估代谢风险的常用参考。尤其是腰腹部脂肪增加时，身体对胰岛素的反应可能变弱，糖尿病和心血管风险也可能上升。关注体重不是为了追求过瘦，而是为了改善整体健康。\n\n减重目标应现实，先减少5%到10%的体重，对部分人就可能带来积极变化。方法上仍是饮食结构、总量控制、规律运动和睡眠管理。不要使用极端节食或来路不明产品。若合并慢病或体重变化异常，应咨询医生。\n\n建议先选择一两项最容易执行的做法，坚持记录饮食、活动和血糖变化，再根据反馈逐步调整。若血糖明显异常、身体不适或需要调整用药，应及时咨询线下医生。','published',124,0,405,'2026-06-21 22:21:00','2026-06-22 16:26:47'),(21,'为什么糖尿病管理不只看血糖，还要看血压和血脂','complication','/uploads/seed/content/complication-pressure.svg','心血管风险需要综合管理，血糖、血压、血脂都值得关注。','糖尿病管理不是只盯着血糖。血压、血脂、体重、吸烟情况和家族史都会影响心血管风险。即使血糖控制还不错，如果血压和血脂长期异常，也可能增加并发症风险。\n\n建议定期复查血压、血脂、肾功能等指标，把结果保存下来，复诊时便于医生判断趋势。日常饮食少油少盐，减少加工食品，保持规律活动。是否需要用药、目标设定多少，都要结合个人情况。出现胸痛、气短等症状应及时就医。\n\n建议先选择一两项最容易执行的做法，坚持记录饮食、活动和血糖变化，再根据反馈逐步调整。若血糖明显异常、身体不适或需要调整用药，应及时咨询线下医生。','published',157,1,501,'2026-06-25 22:21:00','2026-06-26 16:26:47'),(22,'眼部检查不能忽视：视网膜健康需要定期关注','complication','/uploads/seed/content/complication-eye.svg','眼底问题早期可能没有感觉，定期眼科随访很重要。','糖尿病相关眼部问题早期可能没有明显症状，等到视物模糊、黑影或视力下降时，问题可能已经持续了一段时间。因此，定期眼底检查是预防和早发现的重要环节。\n\n眼部健康也受血压、血脂和血糖波动影响，不能只靠滴眼药水或休息解决。若出现视物变形、突然看不清、闪光感等情况，应尽快就医。平时按医嘱复查，保持综合指标稳定，比等症状出现后再处理更稳妥。\n\n建议先选择一两项最容易执行的做法，坚持记录饮食、活动和血糖变化，再根据反馈逐步调整。若血糖明显异常、身体不适或需要调整用药，应及时咨询线下医生。','published',148,1,502,'2026-06-24 22:21:00','2026-06-25 16:26:47'),(23,'糖尿病足如何预防：每天看看脚很重要','complication','/uploads/seed/content/complication-foot.svg','足部检查、鞋袜选择和伤口处理，是每天都能做的预防。','长期血糖异常可能影响神经和血管，足部小伤口也需要认真对待。每天洗脚后看一看脚底、脚趾缝、足跟和指甲周围，是否有红肿、水泡、破损、颜色变化或疼痛。\n\n鞋袜要合脚、透气，不要赤脚走路，新鞋不要一次穿太久。修剪指甲时避免剪得过深。若有鸡眼、老茧或伤口，不建议自行用刀片处理。伤口不愈合、渗液、红肿或疼痛加重时，应及时到医院处理。\n\n建议先选择一两项最容易执行的做法，坚持记录饮食、活动和血糖变化，再根据反馈逐步调整。若血糖明显异常、身体不适或需要调整用药，应及时咨询线下医生。','published',143,0,503,'2026-06-23 22:21:00','2026-06-24 16:26:47'),(24,'肾脏健康与糖尿病：早期筛查更安心','complication','/uploads/seed/content/complication-kidney.svg','尿检、肾功能和血压管理能帮助更早发现肾脏风险。','肾脏负责过滤代谢废物，长期血糖和血压控制不佳会增加肾脏负担。早期肾脏问题可能没有明显不适，因此不能只凭感觉判断是否安全。\n\n定期检查尿微量白蛋白、肾功能和血压，有助于早发现风险。日常饮食注意少盐，避免随意使用止痛药、偏方或不明保健品，以免增加肾脏负担。若检查提示异常，应按医生建议复查和治疗。保护肾脏靠长期综合管理，不是临时补救。\n\n建议先选择一两项最容易执行的做法，坚持记录饮食、活动和血糖变化，再根据反馈逐步调整。若血糖明显异常、身体不适或需要调整用药，应及时咨询线下医生。','published',126,0,504,'2026-06-22 22:21:00','2026-06-23 16:26:47'),(25,'口腔和皮肤也要管：小问题别拖成大麻烦','complication','/uploads/seed/content/complication-skin.svg','牙龈、皮肤感染和小伤口都值得关注，清洁和就医要及时。','血糖长期不稳定时，口腔和皮肤问题也可能增多。牙龈出血、口腔异味、皮肤瘙痒、反复感染或小伤口愈合慢，都不应长期拖着。\n\n日常要坚持刷牙、使用牙线或冲牙器，定期口腔检查。皮肤保持清洁和干燥，避免抓挠导致破损。脚部、腹股沟等容易潮湿的部位更要留意。若出现红肿、化脓、发热或伤口不愈合，应及时就医，不要自行乱用药膏。\n\n建议先选择一两项最容易执行的做法，坚持记录饮食、活动和血糖变化，再根据反馈逐步调整。若血糖明显异常、身体不适或需要调整用药，应及时咨询线下医生。','published',118,0,505,'2026-06-21 22:21:00','2026-06-22 16:26:47'),(26,'误区一：不吃主食就能控糖吗','mistake','/uploads/seed/content/mistake-rice.svg','主食不能完全取消，选择种类和控制份量更重要。','不吃主食看似能让血糖短期下降，但很难长期坚持，也可能带来饥饿、乏力、营养不均衡和暴食反弹。主食不是控糖的敌人，关键在于种类、份量和搭配。\n\n建议减少精白米面的大份量摄入，适当加入全谷物、杂豆和薯类。每餐主食不要单独吃，搭配蔬菜和优质蛋白更稳。若需要更严格的碳水控制，应在医生或营养师指导下进行。不要自行采用极端饮食，更不要因此随意调整药物。\n\n建议先选择一两项最容易执行的做法，坚持记录饮食、活动和血糖变化，再根据反馈逐步调整。若血糖明显异常、身体不适或需要调整用药，应及时咨询线下医生。','published',176,1,601,'2026-06-25 22:21:00','2026-06-26 16:26:47'),(27,'误区二：无糖食品可以随便吃吗','mistake','/uploads/seed/content/mistake-label.svg','无糖不等于无热量，也不代表可以不看配料和总量。','“无糖”常让人放松警惕，但无糖食品不一定低热量，也可能含有较多淀粉、脂肪或钠。饼干、糕点、饮料即使不添加蔗糖，也不等于可以无限量吃。\n\n购买时要看营养成分表，关注能量、碳水化合物、脂肪和配料顺序。代糖可以帮助减少糖摄入，但不应成为保持嗜甜习惯的理由。更重要的是把天然食物、规律三餐和总量控制放在前面。吃后血糖波动明显时，应减少或避免。\n\n建议先选择一两项最容易执行的做法，坚持记录饮食、活动和血糖变化，再根据反馈逐步调整。若血糖明显异常、身体不适或需要调整用药，应及时咨询线下医生。','published',154,1,602,'2026-06-24 22:21:00','2026-06-25 16:26:47'),(28,'误区三：只靠保健品就能降糖吗','mistake','/uploads/seed/content/mistake-supplement.svg','保健品不能替代饮食、运动、监测和正规治疗。','一些产品会宣传“快速降糖”“停药不反弹”，这类说法需要格外谨慎。糖尿病或糖尿病前期管理，不能建立在单一保健品上，更不能用它替代医生制定的治疗方案。\n\n正规管理包括饮食、运动、体重、睡眠、血糖监测和必要药物。保健品也可能和药物相互影响，或增加肝肾负担。购买前应看清批准信息和成分，不相信绝对化承诺。若血糖异常，应及时线下就医，而不是拖延治疗。\n\n建议先选择一两项最容易执行的做法，坚持记录饮食、活动和血糖变化，再根据反馈逐步调整。若血糖明显异常、身体不适或需要调整用药，应及时咨询线下医生。','published',149,0,603,'2026-06-23 22:21:00','2026-06-24 16:26:47'),(29,'误区四：血糖正常了就可以停药吗','mistake','/uploads/seed/content/mistake-medicine.svg','指标改善不等于可以自行停药，治疗调整要和医生沟通。','看到血糖正常几次，有些人会想自行停药。实际上，指标变好可能正是饮食、运动和药物共同作用的结果。突然停药可能让血糖再次升高，甚至带来更大波动。\n\n是否减药、停药或换药，需要结合血糖记录、糖化血红蛋白、低血糖风险、并发症和整体健康情况判断。复诊时可以主动把记录给医生看，一起讨论方案。生活方式仍要坚持，不要把“正常一次”理解成风险消失。\n\n建议先选择一两项最容易执行的做法，坚持记录饮食、活动和血糖变化，再根据反馈逐步调整。若血糖明显异常、身体不适或需要调整用药，应及时咨询线下医生。','published',133,0,604,'2026-06-22 22:21:00','2026-06-23 16:26:47'),(30,'误区五：运动越猛越好吗','mistake','/uploads/seed/content/mistake-exercise.svg','过度运动可能带来低血糖和损伤风险，适合自己才重要。','运动有益控糖，但不是越猛越好。突然进行高强度跑步、长时间爬山或空腹运动，可能导致低血糖、关节损伤或心血管风险，尤其是平时活动少或已有慢病的人。\n\n更推荐循序渐进：先从散步、骑车、拉伸和轻抗阻开始，逐步增加时间和强度。运动前后关注血糖、补水和足部情况。出现头晕、心慌、胸闷或出冷汗，应立即停止并处理。运动计划最好结合医生建议制定。\n\n建议先选择一两项最容易执行的做法，坚持记录饮食、活动和血糖变化，再根据反馈逐步调整。若血糖明显异常、身体不适或需要调整用药，应及时咨询线下医生。','published',128,0,605,'2026-06-21 22:21:00','2026-06-22 16:26:47');
INSERT INTO `home_contents` (`content_id`, `content_type`, `title`, `subtitle`, `image_url`, `link_type`, `link_value`, `sort_order`, `status`, `created_by`, `create_time`, `update_time`) VALUES (1,'banner','从今天开始稳稳控糖','饮食、运动和监测一起做，逐步建立适合自己的健康节奏。','/uploads/seed/content/banner-prevention.svg','none','',1,'enabled',NULL,'2026-06-26 22:21:00','2026-06-27 16:26:47'),(2,'banner','低糖餐盘也可以很好吃','学会搭配全谷物、蔬菜和优质蛋白，让每一餐更安心。','/uploads/seed/content/banner-diet.svg','none','',2,'enabled',NULL,'2026-06-26 22:21:00','2026-06-27 16:26:47'),(3,'banner','AI 助手陪你记录健康变化','结合健康档案和生活方案，及时发现需要关注的指标。','/uploads/seed/content/banner-ai.svg','life_plan','',3,'enabled',NULL,'2026-06-26 22:21:00','2026-06-27 16:26:47');
INSERT INTO `ai_experts` (`expert_id`, `expert_name`, `title`, `department`, `avatar_url`, `specialty`, `persona`, `opening_message`, `sort_order`, `status`, `create_time`, `update_time`) VALUES (1,'林清禾','主任医师','内分泌代谢科','','糖尿病综合管理、血糖指标解读、并发症风险提醒','你是林清禾，糖尿病预治智能助手中的内分泌代谢科主任医师型 AI 专家。你擅长用严谨但容易理解的方式解释血糖、血压、体重、风险评估和生活方式干预。回答时先说明自己是林清禾，再结合用户健康数据给出安全、可执行的建议。','你好，我是林清禾，内分泌代谢科方向的 AI 专家。我可以帮你解释血糖、风险评估和控糖方案。',10,'enabled','2026-06-27 13:57:13','2026-06-27 13:57:13'),(2,'周明远','营养管理师','控糖营养门诊','','饮食结构、餐盘搭配、体重管理','你是周明远，糖尿病预治智能助手中的控糖营养管理 AI 专家。你擅长把饮食建议转化成清晰的餐盘搭配、替换方案和一日饮食节奏。回答时先说明自己是周明远，重点从饮食、体重和餐后血糖角度给出建议。','你好，我是周明远，控糖营养方向的 AI 专家。我可以帮你调整饮食结构和餐盘搭配。',20,'enabled','2026-06-27 13:57:13','2026-06-27 13:57:13'),(3,'许安宁','运动康复师','运动与生活方式门诊','','运动计划、打卡习惯、生活方式改善','你是许安宁，糖尿病预治智能助手中的运动康复与生活方式 AI 专家。你擅长根据用户运动基础、打卡完成率和健康指标，给出温和、循序渐进、可坚持的运动和生活方式建议。回答时先说明自己是许安宁。','你好，我是许安宁，运动康复与生活方式方向的 AI 专家。我可以帮你制定更容易坚持的运动和打卡节奏。',30,'enabled','2026-06-27 13:57:13','2026-06-27 13:57:13');

INSERT INTO ai_chat_sessions (session_id, user_id, expert_id, session_title, dify_conversation_id, status, last_message_time, create_time, update_time) VALUES
(1, 2, 1, '餐后血糖波动咨询', 'demo-conv-liming-lin', 'active', '2026-06-26 21:30:00', '2026-06-26 21:20:00', '2026-06-26 21:30:00'),
(2, 2, 2, '外卖和晚餐搭配建议', 'demo-conv-liming-zhou', 'active', '2026-06-25 20:40:00', '2026-06-25 20:30:00', '2026-06-25 20:40:00'),
(3, 3, 3, '加班日运动替代方案', 'demo-conv-zhaoqing-xu', 'active', '2026-06-26 21:25:00', '2026-06-26 21:12:00', '2026-06-26 21:25:00'),
(4, 4, 1, '复查前指标整理', 'demo-conv-heyan-lin', 'active', '2026-06-27 08:40:00', '2026-06-27 08:35:00', '2026-06-27 08:40:00'),
(5, 5, 2, '应酬饮食调整', 'demo-conv-zhoubo-zhou', 'archived', '2026-06-18 22:20:00', '2026-06-18 22:10:00', '2026-06-22 15:00:00');

INSERT INTO ai_chat_messages (message_id, session_id, user_id, user_message, ai_response, context_summary, call_status, error_message, create_time) VALUES
(1, 1, 2, '我最近餐后血糖还是有点高，晚饭后走路有用吗？', '我是林清禾，内分泌代谢科方向的AI专家。饭后温和步行通常有助于降低餐后血糖波动，你现在已经能坚持20分钟左右，这是很好的基础。建议继续观察餐后2小时血糖，并把晚餐主食量、步行时长一起记录下来。', '用户中等风险，近期餐后血糖下降但仍偏高。', 'success', NULL, '2026-06-26 21:20:00'),
(2, 1, 2, '如果下雨不能出门怎么办？', '可以准备室内替代方案，例如原地踏步、靠墙半蹲、拉伸或家务活动，保持10到20分钟即可。重点是安全、持续，不需要突然提高强度。', '延续同一专家身份，给出雨天替代方案。', 'success', NULL, '2026-06-26 21:30:00'),
(3, 2, 2, '我中午经常吃外卖，怎么选比较稳？', '我是周明远，控糖营养方向的AI专家。外卖可以优先选择清蒸、炖煮、少油炒菜，主食先盛半份，搭配足量蔬菜和蛋白质。饮料尽量选白水或无糖茶。', '用户外卖频率高，需要饮食结构建议。', 'success', NULL, '2026-06-25 20:40:00'),
(4, 3, 3, '加班太晚还需要运动吗？', '我是许安宁，运动康复与生活方式方向的AI专家。加班日不建议硬凑高强度运动，可以做10分钟拉伸或慢走，让习惯不断档。第二天再恢复正常运动即可。', '用户低风险但工作压力影响运动。', 'success', NULL, '2026-06-26 21:25:00'),
(5, 4, 4, '我准备复查，应该把哪些数据给医生看？', '我是林清禾。建议整理最近两周空腹血糖、餐后2小时血糖、血压、体重、腰围和打卡完成情况，同时带上当前用药信息。你有高血压史，复查时可以重点讨论血压和血糖目标范围。', '高风险用户复查准备。', 'success', NULL, '2026-06-27 08:40:00'),
(6, 5, 5, '应酬多的时候怎么少吃点？', '我是周明远。建议先吃蔬菜和蛋白质，主食半份，酒精尽量减少并避免夜宵。你目前指标偏高，建议尽快恢复记录并安排线下复查。', '停用用户历史咨询记录。', 'success', NULL, '2026-06-18 22:20:00');

INSERT INTO intervention_reviews (review_id, user_id, plan_id, source_review_id, trigger_type, trigger_reason, period_start_date, period_end_date, review_days, plan_day, adherence_score, intervention_level, should_update_plan, update_scope, affected_days, main_problem_tags, preserved_items, changed_items, adjustment_strategy, patient_notice, explanation, safety_warning, adjusted_plan_patch, generated_plan_id, input_summary, raw_response, call_status, error_message, create_time) VALUES
(1, 2, 1, NULL, 'checkin_pair_completed', '饮食和运动打卡均已提交，系统自动复盘执行情况。', '2026-06-21', '2026-06-26', 6, 7, 82, 'minor_adjustment', 1, 'partial_plan', '[1,2,3,4,5,6,7]', '["雨天运动中断", "外卖场景不稳定", "晚餐主食需要更明确"]', '["饭后步行习惯", "早餐蛋白质搭配", "含糖饮料控制"]', '["晚餐主食量", "雨天运动替代", "外卖选择清单"]', '保留李明已经能坚持的饭后步行和早餐结构，只把容易掉链子的雨天运动、外卖选择和晚餐主食做成更明确的执行清单。', '系统已根据最近打卡和血糖趋势自动优化你的生活方案，新方案已生效，可在方案定制页查看。', '近6天完成率较高，但运动有一次因天气中断，外卖场景仍可能影响餐后血糖，因此适合局部优化，不需要完全重做方案。', '如出现低血糖、胸闷、头晕或运动不适，应停止运动并及时咨询线下医生。', '{"diet":"晚餐主食固定为半碗到一碗之间，优先半碗；外卖固定少油少盐清单。","exercise":"雨天改为室内踏步或拉伸20分钟，保持连续性。","monitor":"继续关注餐后2小时血糖。"}', 5, '聚合李明健康档案、最新指标、风险评估、原生活方案、近6天打卡和打卡分析后触发。', '{"adherence_score":82,"intervention_level":"minor_adjustment","should_update_plan":true,"update_scope":"partial_plan","generated_plan_id":5}', 'success', NULL, '2026-06-27 09:28:00'),
(2, 3, 2, NULL, 'metric_recorded', '新增健康数据后系统自动复盘，判断当前方案是否需要调整。', '2026-06-23', '2026-06-26', 4, 5, 90, 'maintain', 0, 'none', '[]', '["整体稳定", "加班日轻微波动"]', '["规律饮食", "瑜伽和通勤步行", "晚间零食控制"]', '[]', '当前指标和执行情况稳定，继续执行原计划即可，不生成新方案。', '本次自动复盘显示状态稳定，暂不需要调整方案。', '赵晴近期空腹血糖、餐后血糖、体重和打卡完成率均较稳定，仅需保持加班日的轻量运动替代。', '保持定期随访；如妊娠计划或体重明显变化，应重新评估目标。', NULL, NULL, '聚合赵晴最新健康数据、低风险评估、当前方案和4天打卡记录后触发。', '{"adherence_score":90,"intervention_level":"maintain","should_update_plan":false,"update_scope":"none"}', 'success', NULL, '2026-06-26 21:35:00'),
(3, 4, 3, NULL, 'risk_assessment_completed', '高风险评估完成后系统自动复盘。', '2026-06-24', '2026-06-26', 3, 4, 68, 'safety_adjustment', 0, 'safety_notice', '[4,5,6,7]', '["高风险", "膝盖不适", "复查准备不足"]', '["晚餐少盐", "血压血糖记录"]', '["运动安全提醒", "复查材料整理"]', '暂不自动生成新方案，先提醒用户以安全运动和线下复查为优先。', '系统发现你近期属于高风险且有膝盖不适，建议先按安全提醒执行，并准备线下复查资料。', '何燕血糖和血压仍需关注，且打卡备注中出现膝盖不适，系统选择安全提醒而不是直接加大运动强度。', '如膝盖疼痛加重、血压明显升高或血糖持续异常，应及时线下就医。', NULL, NULL, '聚合何燕高风险评估、慢病史、打卡备注和当前方案后触发。', '{"adherence_score":68,"intervention_level":"safety_adjustment","should_update_plan":false,"update_scope":"safety_notice"}', 'success', NULL, '2026-06-27 09:20:00');

INSERT INTO health_reports (report_id, user_id, report_type, report_title, report_markdown, report_summary, data_snapshot_json, completeness_score, report_status, create_time, update_time) VALUES
(1, 2, 'patient', '李明的控糖周报', '# 我的控糖小结\n\n本周空腹血糖和餐后血糖整体向好，打卡完成率较高。系统已根据雨天运动中断和外卖选择波动，自动生成第2周期优化方案。\n\n## 今天能做的小行动\n\n- 晚餐主食优先控制在半碗\n- 饭后步行20分钟，雨天改为室内踏步\n- 外卖优先选择少油少盐套餐\n\n## 下一周期重点\n\n继续记录餐后血糖，观察晚餐主食和步行时长对波动的影响。', '完成率高，血糖趋势改善，已自动进入第2周期局部优化方案。', '{"risk_level":"medium","latest_plan_id":5,"latest_review_id":1,"data_sources":["profile","metrics","risk","life_plan","checkin","intervention_review"]}', 92, 'generated', '2026-06-27 10:10:00', '2026-06-27 10:10:00'),
(2, 2, 'doctor', '李明线下面诊摘要', '# 面诊速览\n\n46岁男性，家族史阳性，腰围偏高，近期空腹血糖6.2mmol/L、餐后血糖8.6mmol/L，风险评估为中等。\n\n## 行为依从性\n\n近6天打卡完成11/12项，饮食记录完整，饭后步行习惯较稳定。主要问题为雨天运动替代不足和外卖场景波动。\n\n## 沟通重点\n\n建议复核餐后血糖趋势、腰围变化和血压控制情况；如后续指标持续下降，可维持当前生活方式干预。', '中等风险，依从性较好，建议关注餐后血糖、腰围和血压趋势。', '{"risk_level":"medium","latest_metric_id":3,"latest_assessment_id":1,"latest_plan_id":5,"data_sources":["profile","metrics","risk","life_plan","checkin"]}', 90, 'generated', '2026-06-27 10:12:00', '2026-06-27 10:12:00'),
(3, 4, 'doctor', '何燕复查沟通摘要', '# 复查沟通摘要\n\n59岁女性，有高血压病史，近期风险评估偏高。空腹血糖和餐后血糖较前改善但仍需关注，打卡中出现膝盖不适。\n\n## 医生关注点\n\n- 血压和血糖目标范围\n- 膝盖不适下的安全运动方式\n- 是否需要进一步检查糖化血红蛋白和并发症风险\n\n## 安全提醒\n\n不建议突然增加运动强度，应先以慢走或坐姿活动为主，并结合线下医生建议。', '高风险且有膝盖不适，建议以复查、安全运动和指标监测为主。', '{"risk_level":"high","latest_metric_id":9,"latest_assessment_id":3,"latest_plan_id":3,"latest_review_id":3,"data_sources":["profile","metrics","risk","life_plan","checkin","intervention_review"]}', 86, 'generated', '2026-06-27 10:20:00', '2026-06-27 10:20:00');

INSERT INTO api_call_logs (log_id, user_id, service_type, request_summary, response_summary, call_status, error_message, create_time) VALUES
(1, 2, 'risk_prediction', '李明最新健康数据风险预测', '中等风险，建议持续餐后步行和饮食优化。', 'success', NULL, '2026-06-26 09:00:05'),
(2, 3, 'risk_prediction', '赵晴最新健康数据风险预测', '低风险，建议规律随访。', 'success', NULL, '2026-06-26 09:20:05'),
(3, 4, 'risk_prediction', '何燕最新健康数据风险预测', '高风险，需要复查与综合管理。', 'success', NULL, '2026-06-27 09:00:05'),
(4, 2, 'life_plan', '李明生成生活方案', '生成餐后血糖平稳计划。', 'success', NULL, '2026-06-26 10:00:05'),
(5, 4, 'life_plan', '何燕生成生活方案', '生成血压血糖综合管理计划。', 'success', NULL, '2026-06-27 10:00:05'),
(6, 2, 'checkin_analysis', '李明6天打卡分析', '完成率91.67%，执行稳定。', 'success', NULL, '2026-06-26 21:00:05'),
(7, 4, 'checkin_analysis', '何燕3天打卡分析', '完成率83.33%，建议注意膝盖和复查。', 'success', NULL, '2026-06-27 08:30:05'),
(8, 2, 'ai_doctor', '餐后血糖波动咨询', '林清禾专家身份回复。', 'success', NULL, '2026-06-26 21:30:05'),
(9, 3, 'ai_doctor', '加班日运动替代方案', '许安宁专家身份回复。', 'success', NULL, '2026-06-26 21:25:05'),
(10, 2, 'intervention_review', '李明打卡完成后自动复盘', '建议局部优化方案，并生成第2周期自动优化计划。', 'success', NULL, '2026-06-27 09:28:05'),
(11, 3, 'intervention_review', '赵晴健康数据更新后自动复盘', '指标稳定，建议维持当前生活方案。', 'success', NULL, '2026-06-26 21:35:05'),
(12, 4, 'intervention_review', '何燕高风险评估后自动复盘', '触发安全提醒，暂不直接生成新方案。', 'success', NULL, '2026-06-27 09:20:05'),
(13, 2, 'comprehensive_health_report', '李明生成个人控糖周报', '生成个人版Markdown报告。', 'success', NULL, '2026-06-27 10:10:05'),
(14, 2, 'comprehensive_health_report', '李明生成医生面诊摘要', '生成医生版面诊摘要报告。', 'success', NULL, '2026-06-27 10:12:05'),
(15, 4, 'comprehensive_health_report', '何燕生成复查沟通摘要', '生成医生版复查沟通报告。', 'success', NULL, '2026-06-27 10:20:05');

